{"id": "s6ha-ppgi", "name": "Affordable Rental Housing Developments", "attribution": "City of Chicago", "attributionLink": "http://www.cityofchicago.org", "averageRating": 0, "category": "Community & Economic Development", "createdAt": 1363295129, "description": "The rental housing developments listed below are among the thousands of affordable units that are supported by City of Chicago programs to maintain affordability in local neighborhoods. The list is updated periodically when construction is completed for new projects or when the compliance period for older projects expire, typically after 30 years. The list is provided as a courtesy to the public. It does not include every City-assisted affordable housing unit that may be available for rent, nor does it include the hundreds of thousands of naturally occurring affordable housing units located throughout Chicago without City subsidies. For information on rents, income requirements and availability for the projects listed, contact each property directly. For information on other affordable rental properties in Chicago and Illinois, call (877) 428-8844, or visit www.ILHousingSearch.org.", "displayType": "table", "downloadCount": 44698, "hideFromCatalog": false, "hideFromDataJson": false, "indexUpdatedAt": 1539792711, "newBackend": true, "numberOfComments": 0, "oid": 29200553, "provenance": "official", "publicationAppendEnabled": false, "publicationDate": 1530562705, "publicationGroup": 733688, "publicationStage": "published", "rowsUpdatedAt": 1562965166, "rowsUpdatedBy": "cnc2-ak5q", "tableId": 15358118, "totalTimesRated": 0, "viewCount": 432601, "viewLastModified": 1562965164, "viewType": "tabular", "approvals": [{"reviewedAt": 1530562705, "reviewedAutomatically": true, "state": "approved", "submissionId": 950735, "submissionObject": "public_audience_request", "submissionOutcome": "change_audience", "submittedAt": 1530562705, "workflowId": 2226, "submissionDetails": {"permissionType": "READ"}, "submissionOutcomeApplication": {"failureCount": 0, "status": "success"}, "submitter": {"id": "scy9-9wg4", "displayName": "cocadmin"}}], "columns": [{"id": 365696347, "name": "Community Area Name", "dataTypeName": "text", "description": "", "fieldName": "community_area", "position": 1, "renderTypeName": "text", "tableColumnId": 8623896, "width": 196, "cachedContents": {"largest": "Woodlawn", "non_null": 389, "null": "0", "top": [{"item": "Humboldt Park", "count": "36"}, {"item": "North Lawndale", "count": "33"}, {"item": "Grand Boulevard", "count": "27"}, {"item": "Logan Square", "count": "23"}, {"item": "West Town", "count": "23"}, {"item": "Uptown", "count": "20"}, {"item": "Oakland", "count": "17"}, {"item": "Woodlawn", "count": "17"}, {"item": "Near West Side", "count": "17"}, {"item": "Washington Park", "count": "15"}, {"item": "Lower West Side", "count": "14"}, {"item": "Douglas", "count": "14"}, {"item": "Near North Side", "count": "11"}, {"item": "Austin", "count": "11"}, {"item": "East Garfield Park", "count": "10"}, {"item": "Lakeview", "count": "9"}, {"item": "Englewood", "count": "8"}, {"item": "Near South Side", "count": "7"}, {"item": "Roseland", "count": "6"}, {"item": "Auburn Gresham", "count": "6"}], "smallest": "Albany Park", "not_null": "428", "cardinality": "63"}, "format": {"displayStyle": "plain", "align": "left", "aggregate": "count"}}, {"id": 365696348, "name": "Community Area Number", "dataTypeName": "number", "description": "", "fieldName": "community_area_number", "position": 2, "renderTypeName": "number", "tableColumnId": 8649647, "width": 146, "cachedContents": {"largest": "77", "non_null": 389, "average": "31.87917737789203", "null": "0", "top": [{"item": "23", "count": "36"}, {"item": "29", "count": "33"}, {"item": "38", "count": "27"}, {"item": "22", "count": "24"}, {"item": "24", "count": "23"}, {"item": "3", "count": "20"}, {"item": "36", "count": "17"}, {"item": "42", "count": "17"}, {"item": "28", "count": "17"}, {"item": "40", "count": "15"}, {"item": "31", "count": "14"}, {"item": "35", "count": "14"}, {"item": "27", "count": "11"}, {"item": "8", "count": "11"}, {"item": "25", "count": "10"}, {"item": "6", "count": "9"}, {"item": "68", "count": "8"}, {"item": "33", "count": "7"}, {"item": "71", "count": "6"}, {"item": "49", "count": "6"}], "smallest": "1", "not_null": "428", "sum": "12401", "cardinality": "62"}, "format": {}}, {"id": 365696349, "name": "Property Type", "dataTypeName": "text", "description": "", "fieldName": "property_type", "position": 3, "renderTypeName": "text", "tableColumnId": 8623897, "width": 117, "cachedContents": {"largest": "Supportive/Youth/Kinship Families", "non_null": 389, "null": "0", "top": [{"item": "Multifamily", "count": "220"}, {"item": "Senior", "count": "90"}, {"item": "ARO", "count": "60"}, {"item": "Supportive Housing", "count": "24"}, {"item": "Senior HUD 202", "count": "6"}, {"item": "Supportive/Veterans", "count": "4"}, {"item": "Supportive", "count": "4"}, {"item": "People with Disabilities", "count": "3"}, {"item": "Multfamily", "count": "2"}, {"item": "Seniors", "count": "1"}, {"item": "Multigfamily", "count": "1"}, {"item": "Supportive/Kinship Families", "count": "1"}, {"item": "Supportive/Youth/Kinship Families", "count": "1"}, {"item": "Artist Housing", "count": "1"}, {"item": "65+/Supportive", "count": "1"}, {"item": "Disabled/Homeless", "count": "1"}, {"item": "Supportive/Teenage Moms", "count": "1"}, {"item": "Multifamily/Artists", "count": "1"}, {"item": "Mutifamily", "count": "1"}, {"item": "Inter-generational", "count": "1"}], "smallest": "65+/Supportive", "not_null": "428", "cardinality": "24"}, "format": {}}, {"id": 365696350, "name": "Property Name", "dataTypeName": "text", "description": "", "fieldName": "property_name", "position": 4, "renderTypeName": "text", "tableColumnId": 8623898, "width": 256, "cachedContents": {"largest": "Zapata Apts.", "non_null": 389, "null": "0", "top": [{"item": "Park Douglas", "count": "17"}, {"item": "Lakefront Phase II", "count": "13"}, {"item": "Nelson Mandela Apts.", "count": "13"}, {"item": "Tierra Linda Apts.", "count": "12"}, {"item": "Rosa Parks Apts.", "count": "8"}, {"item": "65th Street Apts.", "count": "5"}, {"item": "Cornerstone Apts.", "count": "5"}, {"item": "St. Edmund's Oasis", "count": "4"}, {"item": "Park Boulevard IIB", "count": "4"}, {"item": "Park Boulevard IIA", "count": "4"}, {"item": "Zapata Apts.", "count": "4"}, {"item": "Resurrection Homes", "count": "3"}, {"item": "Uptown Preservation Apts.", "count": "3"}, {"item": "La Estancia", "count": "3"}, {"item": "Rebecca Walker Complex", "count": "3"}, {"item": "Sunnyside Kenmore Apts.", "count": "2"}, {"item": "Hilliard Homes Phase I", "count": "2"}, {"item": "Parkside of Old Town IIB", "count": "2"}, {"item": "Hilliard Homes Phase II", "count": "2"}, {"item": "Dicksons Estates Apts.", "count": "2"}], "smallest": "1038 N. Ashland", "not_null": "428", "cardinality": "334"}, "format": {}}, {"id": 365696351, "name": "Address", "dataTypeName": "text", "description": "", "fieldName": "address", "position": 5, "renderTypeName": "text", "tableColumnId": 8623899, "width": 184, "cachedContents": {"largest": "967 W. 19th St.", "non_null": 389, "null": "0", "top": [{"item": "5801 N. Pulaski Road", "count": "3"}, {"item": "2626 W. 63rd St.", "count": "2"}, {"item": "2014 S. Racine Ave.", "count": "2"}, {"item": "6928 N. Wayne Ave.", "count": "2"}, {"item": "1129 S. Sacramento Ave.", "count": "2"}, {"item": "3541 W. North Ave.", "count": "2"}, {"item": "400 E. 41st St.", "count": "2"}, {"item": "2822 W. Jackson Blvd.", "count": "2"}, {"item": "30 W. Cermak Road", "count": "2"}, {"item": "3220 N. Lincoln Ave.", "count": "1"}, {"item": "747 E. 47th St.", "count": "1"}, {"item": "4427-33 S. Indiana Ave.", "count": "1"}, {"item": "6415 S. Sangamon St.", "count": "1"}, {"item": "2015 S. Morgan St.", "count": "1"}, {"item": "1303-15 S. Fairfield Ave.", "count": "1"}, {"item": "3507 W. North Ave.", "count": "1"}, {"item": "848 W. 103rd St.", "count": "1"}, {"item": "2324 W. Irving Park Road", "count": "1"}, {"item": "3053 W. Franklin Blvd.", "count": "1"}, {"item": "2733 W. Belden Ave.", "count": "1"}], "smallest": "1032 W. Montrose Ave", "not_null": "428", "cardinality": "418"}, "format": {}}, {"id": 365696352, "name": "Zip Code", "dataTypeName": "text", "description": "", "fieldName": "zip_code", "position": 6, "renderTypeName": "text", "tableColumnId": 8623900, "width": 108, "cachedContents": {"largest": "60808", "non_null": 389, "null": "0", "top": [{"item": "60653", "count": "41"}, {"item": "60647", "count": "39"}, {"item": "60608", "count": "35"}, {"item": "60624", "count": "34"}, {"item": "60637", "count": "27"}, {"item": "60622", "count": "20"}, {"item": "60640", "count": "19"}, {"item": "60609", "count": "17"}, {"item": "60612", "count": "17"}, {"item": "60615", "count": "13"}, {"item": "60623", "count": "12"}, {"item": "60628", "count": "10"}, {"item": "60621", "count": "9"}, {"item": "60644", "count": "9"}, {"item": "60620", "count": "8"}, {"item": "60616", "count": "8"}, {"item": "60613", "count": "8"}, {"item": "60657", "count": "6"}, {"item": "60660", "count": "6"}, {"item": "60629", "count": "6"}], "smallest": "60601", "not_null": "428", "cardinality": "52"}, "format": {}}, {"id": 365696353, "name": "Phone Number", "dataTypeName": "text", "description": "", "fieldName": "phone_number", "position": 7, "renderTypeName": "text", "tableColumnId": 8623901, "width": 128, "cachedContents": {"largest": "888-339-2315", "non_null": 389, "null": "0", "top": [{"item": "773-227-6332", "count": "28"}, {"item": "773-893-4800", "count": "18"}, {"item": "773-276-5338", "count": "14"}, {"item": "773-548-8795", "count": "13"}, {"item": "312-666-1323", "count": "12"}, {"item": "773-548-8792", "count": "10"}, {"item": "773-924-2100", "count": "6"}, {"item": "773-493-2411", "count": "6"}, {"item": "773-762-3389", "count": "5"}, {"item": "773-684-2056", "count": "5"}, {"item": "312-577-5555", "count": "5"}, {"item": "773-381-7400", "count": "5"}, {"item": "312-248-8355", "count": "4"}, {"item": "773-722-7320", "count": "4"}, {"item": "708-867-3799", "count": "4"}, {"item": "773-286-5400", "count": "3"}, {"item": "773-572-5272", "count": "3"}, {"item": "773-486-7410", "count": "3"}, {"item": "773-261-1550", "count": "3"}, {"item": "773-373-1300", "count": "3"}], "smallest": "224-534-9361", "not_null": "428", "cardinality": "273"}, "format": {}}, {"id": 365696354, "name": "Management Company", "dataTypeName": "text", "description": "", "fieldName": "management_company", "position": 8, "renderTypeName": "text", "tableColumnId": 8623902, "width": 238, "cachedContents": {"largest": "Zitella Development", "non_null": 389, "null": "0", "top": [{"item": "Urban Property Advisors, LLC", "count": "30"}, {"item": "Interstate Realty Management Co.", "count": "29"}, {"item": "Bickerdike Apts.", "count": "23"}, {"item": "Senior Lifestyle Corp.", "count": "19"}, {"item": "The Resurrection Project", "count": "18"}, {"item": "LUCHA", "count": "17"}, {"item": "Hispanic Housing Dev. Corp.", "count": "10"}, {"item": "Mercy Housing", "count": "9"}, {"item": "Holsten Real Estate Dev. Corp.", "count": "9"}, {"item": "Interfaith Housing Corp.", "count": "9"}, {"item": "Holsten Management Corp.", "count": "7"}, {"item": "St. Edmund's Redevelopment Corp.", "count": "7"}, {"item": "Realty & Mortgage Co.", "count": "7"}, {"item": "Lawndale Christian Residential Svcs.", "count": "6"}, {"item": "East Lake Management Group, Inc.", "count": "6"}, {"item": "The Community Builders Inc.", "count": "6"}, {"item": "Leasing & Management Co. Inc.", "count": "5"}, {"item": "Metroplex, Inc.", "count": "5"}, {"item": "Preservation Housing Management LLC", "count": "5"}, {"item": "The Thresholds", "count": "4"}], "smallest": "2293NMA LLC", "not_null": "428", "cardinality": "163"}, "format": {}}, {"id": 365696355, "name": "Units", "dataTypeName": "number", "description": "", "fieldName": "units", "position": 9, "renderTypeName": "number", "tableColumnId": 8623903, "width": 73, "cachedContents": {"largest": "534", "non_null": 389, "average": "58.55526992287918", "null": "0", "top": [{"item": "6", "count": "32"}, {"item": "3", "count": "24"}, {"item": "2", "count": "21"}, {"item": "12", "count": "14"}, {"item": "5", "count": "10"}, {"item": "1", "count": "10"}, {"item": "60", "count": "10"}, {"item": "4", "count": "10"}, {"item": "24", "count": "8"}, {"item": "80", "count": "7"}, {"item": "10", "count": "7"}, {"item": "72", "count": "6"}, {"item": "84", "count": "6"}, {"item": "18", "count": "6"}, {"item": "85", "count": "6"}, {"item": "7", "count": "6"}, {"item": "42", "count": "5"}, {"item": "52", "count": "5"}, {"item": "32", "count": "5"}, {"item": "17", "count": "4"}], "smallest": "1", "not_null": "428", "sum": "22778", "cardinality": "133"}, "format": {"precisionStyle": "standard", "noCommas": "false", "align": "right", "aggregate": "sum"}}, {"id": 365696356, "name": "X Coordinate", "dataTypeName": "number", "description": "", "fieldName": "x_coordinate", "position": 10, "renderTypeName": "number", "tableColumnId": 8649688, "width": 149, "cachedContents": {"largest": "1201038.05887492", "non_null": 389, "average": "1166306.058478673", "null": "40", "top": [{"item": "1148723.50103629", "count": "3"}, {"item": "1176346.44120622", "count": "2"}, {"item": "1159807.02751173", "count": "2"}, {"item": "1168646.29658184", "count": "2"}, {"item": "1165843.89836178", "count": "2"}, {"item": "1152271.52454631", "count": "2"}, {"item": "1156574.00873721", "count": "2"}, {"item": "1179638.24834182", "count": "2"}, {"item": "1150056.06296146", "count": "2"}, {"item": "1157527.97541372", "count": "2"}, {"item": "1151263.62345472", "count": "1"}, {"item": "1178573.51974712", "count": "1"}, {"item": "1159227.2251011", "count": "1"}, {"item": "1185102.56133472", "count": "1"}, {"item": "1153823.7192268", "count": "1"}, {"item": "1183149.45516709", "count": "1"}, {"item": "1155572.42511543", "count": "1"}, {"item": "1137686.37664547", "count": "1"}, {"item": "1171468.4089095", "count": "1"}, {"item": "1154285.68709254", "count": "1"}], "smallest": "1127328.8153755", "not_null": "388", "sum": "453693056.7482039609", "cardinality": "377"}, "format": {"precisionStyle": "standard", "noCommas": "true", "align": "right"}}, {"id": 365696357, "name": "Y Coordinate", "dataTypeName": "number", "description": "", "fieldName": "y_coordinate", "position": 11, "renderTypeName": "number", "tableColumnId": 8649689, "width": 144, "cachedContents": {"largest": "1949531.17141547", "non_null": 389, "average": "1890834.902732602", "null": "40", "top": [{"item": "1938044.23656645", "count": "3"}, {"item": "1910359.24074225", "count": "2"}, {"item": "1862817.68973373", "count": "2"}, {"item": "1890365.99095515", "count": "2"}, {"item": "1898606.33636721", "count": "2"}, {"item": "1890463.50315966", "count": "2"}, {"item": "1889816.86140397", "count": "2"}, {"item": "1946058.5134415", "count": "2"}, {"item": "1877940.68309984", "count": "2"}, {"item": "1894894.5102467", "count": "2"}, {"item": "1862758.25525382", "count": "1"}, {"item": "1867951.67674172", "count": "1"}, {"item": "1888451.56193847", "count": "1"}, {"item": "1913163.36871418", "count": "1"}, {"item": "1890430.85423032", "count": "1"}, {"item": "1926158.03105325", "count": "1"}, {"item": "1903987.91967607", "count": "1"}, {"item": "1869994.89809028", "count": "1"}, {"item": "1893803.5607362", "count": "1"}, {"item": "1890476.21349957", "count": "1"}], "smallest": "1815487.73330301", "not_null": "388", "sum": "735534777.1629821159", "cardinality": "377"}, "format": {"precisionStyle": "standard", "noCommas": "true", "align": "right"}}, {"id": 365696358, "name": "Latitude", "dataTypeName": "number", "description": "", "fieldName": "latitude", "position": 12, "renderTypeName": "number", "tableColumnId": 8649706, "width": 127, "cachedContents": {"largest": "42.0171497111", "non_null": 389, "average": "41.85601561335887", "null": "40", "top": [{"item": "41.9859315142", "count": "3"}, {"item": "41.7792809902", "count": "2"}, {"item": "41.8546902787", "count": "2"}, {"item": "41.8775358858", "count": "2"}, {"item": "41.9098923382", "count": "2"}, {"item": "41.8673696101", "count": "2"}, {"item": "41.8203495003", "count": "2"}, {"item": "41.8553397217", "count": "2"}, {"item": "42.0075737709", "count": "2"}, {"item": "41.8530133902", "count": "2"}, {"item": "41.7769092523", "count": "1"}, {"item": "41.7153982408", "count": "1"}, {"item": "41.8139709971", "count": "1"}, {"item": "41.9543981834", "count": "1"}, {"item": "41.8587687803", "count": "1"}, {"item": "41.8909079269", "count": "1"}, {"item": "41.9723567701", "count": "1"}, {"item": "41.873765121", "count": "1"}, {"item": "41.8279253109", "count": "1"}, {"item": "41.8371769457", "count": "1"}], "smallest": "41.6484574114", "not_null": "388", "sum": "16281.9900735966", "cardinality": "377"}, "format": {}}, {"id": 365696359, "name": "Longitude", "dataTypeName": "number", "description": "", "fieldName": "longitude", "position": 13, "renderTypeName": "number", "tableColumnId": 8649707, "width": 134, "cachedContents": {"largest": "-87.540123166", "non_null": 389, "average": "-87.66508757567609", "null": "40", "top": [{"item": "-87.72836921", "count": "3"}, {"item": "-87.6896794864", "count": "2"}, {"item": "-87.6651711448", "count": "2"}, {"item": "-87.7247100763", "count": "2"}, {"item": "-87.6165141095", "count": "2"}, {"item": "-87.6564782084", "count": "2"}, {"item": "-87.7160529794", "count": "2"}, {"item": "-87.628232211", "count": "2"}, {"item": "-87.7006662254", "count": "2"}, {"item": "-87.6970630483", "count": "2"}, {"item": "-87.6271656778", "count": "1"}, {"item": "-87.6542634882", "count": "1"}, {"item": "-87.6889543312", "count": "1"}, {"item": "-87.6190897249", "count": "1"}, {"item": "-87.6228565224", "count": "1"}, {"item": "-87.6404632193", "count": "1"}, {"item": "-87.6513220922", "count": "1"}, {"item": "-87.6975312257", "count": "1"}, {"item": "-87.6947407139", "count": "1"}, {"item": "-87.6223343775", "count": "1"}], "smallest": "-87.8070730079", "not_null": "388", "sum": "-34101.7190669380", "cardinality": "377"}, "format": {}}, {"id": 365696360, "name": "Location", "dataTypeName": "location", "description": "", "fieldName": "location", "position": 14, "renderTypeName": "location", "tableColumnId": 8623904, "width": 196, "format": {"view": "coords", "align": "left"}}, {"id": 254525923, "name": "Historical Wards 2003-2015", "dataTypeName": "number", "fieldName": ":@computed_region_awaf_s7ux", "position": 19, "renderTypeName": "number", "tableColumnId": 36145400, "computationStrategy": {"source_columns": ["location"], "type": "georegion_match_on_point", "parameters": {"region": "_awaf-s7ux", "primary_key": "_feature_id"}}, "format": {}}, {"id": 254525924, "name": "Wards", "dataTypeName": "number", "fieldName": ":@computed_region_43wa_7qmu", "position": 20, "renderTypeName": "number", "tableColumnId": 36145401, "computationStrategy": {"source_columns": ["location"], "type": "georegion_match_on_point", "parameters": {"region": "_43wa-7qmu", "primary_key": "_feature_id"}}, "format": {}}, {"id": 254525925, "name": "Community Areas", "dataTypeName": "number", "fieldName": ":@computed_region_vrxf_vc4k", "position": 21, "renderTypeName": "number", "tableColumnId": 36145402, "computationStrategy": {"source_columns": ["location"], "type": "georegion_match_on_point", "parameters": {"region": "_vrxf-vc4k", "primary_key": "_feature_id"}}, "format": {}}, {"id": 254525926, "name": "Zip Codes", "dataTypeName": "number", "fieldName": ":@computed_region_6mkv_f3dw", "position": 22, "renderTypeName": "number", "tableColumnId": 36145403, "computationStrategy": {"source_columns": ["location"], "type": "georegion_match_on_point", "parameters": {"region": "_6mkv-f3dw", "primary_key": "_feature_id"}}, "format": {}}, {"id": 254525927, "name": "Census Tracts", "dataTypeName": "number", "fieldName": ":@computed_region_bdys_3d7i", "position": 23, "renderTypeName": "number", "tableColumnId": 36145404, "computationStrategy": {"source_columns": ["location"], "type": "georegion_match_on_point", "parameters": {"region": "_bdys-3d7i", "primary_key": "_feature_id"}}, "format": {}}], "grants": [{"inherited": false, "type": "viewer", "flags": ["public"]}], "metadata": {"rdfSubject": "0", "custom_fields": {"Metadata": {"Time Period": "Current as of March 2013", "Frequency": "Data are updated as needed", "Data Owner": "Housing and Economic Development"}}, "rowLabel": "Affordable Rental Housing Development", "availableDisplayTypes": ["table", "fatrow", "page"], "renderTypeConfig": {"visible": {"table": true}}}, "owner": {"id": "scy9-9wg4", "displayName": "cocadmin", "profileImageUrlLarge": "/api/users/scy9-9wg4/profile_images/LARGE", "profileImageUrlMedium": "/api/users/scy9-9wg4/profile_images/THUMB", "profileImageUrlSmall": "/api/users/scy9-9wg4/profile_images/TINY", "screenName": "cocadmin", "type": "interactive", "userSegment": "site_member"}, "query": {}, "rights": ["read"], "tableAuthor": {"id": "scy9-9wg4", "displayName": "cocadmin", "profileImageUrlLarge": "/api/users/scy9-9wg4/profile_images/LARGE", "profileImageUrlMedium": "/api/users/scy9-9wg4/profile_images/THUMB", "profileImageUrlSmall": "/api/users/scy9-9wg4/profile_images/TINY", "screenName": "cocadmin", "type": "interactive", "userSegment": "site_member"}, "tags": ["housing"], "flags": ["default", "restorable", "restorePossibleForType"]}